id,name,source,width,height,status,weapon,mount,pet
001,,/Users/wdy/github/1999SHUIHU3D/images/001.png,900,1350,generated,present,absent,absent
002,,/Users/wdy/github/1999SHUIHU3D/images/002.png,900,1350,generated,present,present,absent
003,,/Users/wdy/github/1999SHUIHU3D/images/003.png,900,1350,generated,present,absent,absent
004,入云龙公孙胜,/Users/wdy/github/1999SHUIHU3D/images/004.png,900,1350,generated,present,absent,absent
005,,/Users/wdy/github/1999SHUIHU3D/images/005.png,900,1350,generated,present,present,absent
006,,/Users/wdy/github/1999SHUIHU3D/images/006.png,900,1350,generated,present,absent,absent
007,,/Users/wdy/github/1999SHUIHU3D/images/007.png,900,1350,generated,present,present,absent
008,,/Users/wdy/github/1999SHUIHU3D/images/008.png,900,1350,generated,present,absent,absent
009,,/Users/wdy/github/1999SHUIHU3D/images/009.png,900,1350,generated,present,present,absent
010,,/Users/wdy/github/1999SHUIHU3D/images/010.png,900,1350,generated,present,absent,absent
011,,/Users/wdy/github/1999SHUIHU3D/images/011.png,900,1350,generated,present,absent,absent
012,,/Users/wdy/github/1999SHUIHU3D/images/012.png,900,1350,generated,present,absent,absent
013,,/Users/wdy/github/1999SHUIHU3D/images/013.png,900,1350,generated,present,absent,absent
014,,/Users/wdy/github/1999SHUIHU3D/images/014.png,900,1350,generated,present,absent,absent
015,,/Users/wdy/github/1999SHUIHU3D/images/015.png,900,1350,generated,present,absent,absent
016,,/Users/wdy/github/1999SHUIHU3D/images/016.png,900,1350,generated,absent,absent,absent
017,青面兽杨志,/Users/wdy/github/1999SHUIHU3D/images/017.png,900,1350,generated,present,absent,absent
018,,/Users/wdy/github/1999SHUIHU3D/images/018.png,900,1350,generated,present,present,absent
019,,/Users/wdy/github/1999SHUIHU3D/images/019.png,900,1350,generated,present,present,absent
020,,/Users/wdy/github/1999SHUIHU3D/images/020.png,900,1350,approved,present,absent,absent
021,赤发鬼刘唐,/Users/wdy/github/1999SHUIHU3D/images/021.png,900,1350,generated,present,absent,absent
022,,/Users/wdy/github/1999SHUIHU3D/images/022.png,900,1350,generated,present,absent,absent
023,,/Users/wdy/github/1999SHUIHU3D/images/023.png,900,1350,generated,present,absent,absent
024,,/Users/wdy/github/1999SHUIHU3D/images/024.png,900,1350,generated,absent,absent,absent
025,,/Users/wdy/github/1999SHUIHU3D/images/025.png,900,1350,generated,present,absent,absent
026,,/Users/wdy/github/1999SHUIHU3D/images/026.png,900,1350,generated,present,absent,absent
027,,/Users/wdy/github/1999SHUIHU3D/images/027.png,900,1350,generated,present,absent,absent
028,,/Users/wdy/github/1999SHUIHU3D/images/028.png,900,1350,generated,present,absent,absent
029,,/Users/wdy/github/1999SHUIHU3D/images/029.png,900,1350,generated,present,absent,absent
030,,/Users/wdy/github/1999SHUIHU3D/images/030.png,900,1350,generated,present,absent,absent
031,,/Users/wdy/github/1999SHUIHU3D/images/031.png,900,1350,generated,present,absent,absent
032,,/Users/wdy/github/1999SHUIHU3D/images/032.png,900,1350,generated,present,absent,absent
033,,/Users/wdy/github/1999SHUIHU3D/images/033.png,900,1350,generated,present,absent,absent
034,,/Users/wdy/github/1999SHUIHU3D/images/034.png,900,1350,generated,present,absent,absent
035,,/Users/wdy/github/1999SHUIHU3D/images/035.png,900,1350,generated,present,absent,absent
036,,/Users/wdy/github/1999SHUIHU3D/images/036.png,900,1350,generated,present,absent,absent
037,,/Users/wdy/github/1999SHUIHU3D/images/037.png,900,1350,generated,present,absent,absent
038,,/Users/wdy/github/1999SHUIHU3D/images/038.png,900,1350,generated,present,absent,absent
039,,/Users/wdy/github/1999SHUIHU3D/images/039.png,900,1350,generated,present,present,absent
040,,/Users/wdy/github/1999SHUIHU3D/images/040.png,900,1350,generated,present,present,absent
041,,/Users/wdy/github/1999SHUIHU3D/images/041.png,900,1350,generated,present,present,absent
042,,/Users/wdy/github/1999SHUIHU3D/images/042.png,900,1350,generated,present,present,absent
043,,/Users/wdy/github/1999SHUIHU3D/images/043.png,900,1350,generated,present,absent,absent
044,,/Users/wdy/github/1999SHUIHU3D/images/044.png,900,1350,generated,absent,absent,absent
045,,/Users/wdy/github/1999SHUIHU3D/images/045.png,900,1350,generated,present,absent,absent
046,,/Users/wdy/github/1999SHUIHU3D/images/046.png,900,1350,generated,present,absent,absent
047,,/Users/wdy/github/1999SHUIHU3D/images/047.png,900,1350,generated,present,absent,absent
048,,/Users/wdy/github/1999SHUIHU3D/images/048.png,900,1350,generated,absent,absent,absent
049,,/Users/wdy/github/1999SHUIHU3D/images/049.png,900,1350,generated,present,absent,absent
050,,/Users/wdy/github/1999SHUIHU3D/images/050.png,900,1350,generated,present,absent,absent
051,,/Users/wdy/github/1999SHUIHU3D/images/051.png,900,1350,generated,present,absent,absent
052,,/Users/wdy/github/1999SHUIHU3D/images/052.png,900,1350,generated,present,absent,absent
053,,/Users/wdy/github/1999SHUIHU3D/images/053.png,900,1350,generated,present,absent,absent
054,,/Users/wdy/github/1999SHUIHU3D/images/054.png,900,1350,generated,present,present,absent
055,,/Users/wdy/github/1999SHUIHU3D/images/055.png,900,1350,generated,present,present,absent
056,,/Users/wdy/github/1999SHUIHU3D/images/056.png,900,1350,generated,absent,absent,absent
057,,/Users/wdy/github/1999SHUIHU3D/images/057.png,900,1350,generated,present,absent,absent
058,,/Users/wdy/github/1999SHUIHU3D/images/058.png,900,1350,generated,present,absent,absent
059,,/Users/wdy/github/1999SHUIHU3D/images/059.png,900,1350,generated,present,present,absent
060,,/Users/wdy/github/1999SHUIHU3D/images/060.png,900,1350,generated,present,absent,absent
061,,/Users/wdy/github/1999SHUIHU3D/images/061.png,900,1350,generated,present,absent,absent
062,,/Users/wdy/github/1999SHUIHU3D/images/062.png,900,1350,generated,present,absent,absent
063,,/Users/wdy/github/1999SHUIHU3D/images/063.png,900,1350,generated,present,absent,absent
064,,/Users/wdy/github/1999SHUIHU3D/images/064.png,900,1350,generated,present,absent,absent
065,,/Users/wdy/github/1999SHUIHU3D/images/065.png,900,1350,generated,present,absent,absent
066,,/Users/wdy/github/1999SHUIHU3D/images/066.png,900,1350,generated,present,absent,absent
067,,/Users/wdy/github/1999SHUIHU3D/images/067.png,900,1350,generated,present,absent,absent
068,,/Users/wdy/github/1999SHUIHU3D/images/068.png,900,1350,generated,present,absent,absent
069,,/Users/wdy/github/1999SHUIHU3D/images/069.png,900,1350,generated,absent,absent,absent
070,,/Users/wdy/github/1999SHUIHU3D/images/070.png,900,1350,generated,present,absent,absent
071,,/Users/wdy/github/1999SHUIHU3D/images/071.png,900,1350,generated,present,absent,absent
072,,/Users/wdy/github/1999SHUIHU3D/images/072.png,900,1350,generated,present,absent,absent
073,,/Users/wdy/github/1999SHUIHU3D/images/073.png,900,1350,generated,present,absent,absent
074,,/Users/wdy/github/1999SHUIHU3D/images/074.png,900,1350,generated,present,absent,absent
075,,/Users/wdy/github/1999SHUIHU3D/images/075.png,900,1350,generated,present,absent,absent
076,,/Users/wdy/github/1999SHUIHU3D/images/076.png,900,1350,generated,present,absent,absent
077,,/Users/wdy/github/1999SHUIHU3D/images/077.png,900,1350,generated,present,absent,absent
078,,/Users/wdy/github/1999SHUIHU3D/images/078.png,900,1350,generated,present,absent,absent
079,,/Users/wdy/github/1999SHUIHU3D/images/079.png,900,1350,generated,present,absent,absent
080,,/Users/wdy/github/1999SHUIHU3D/images/080.png,900,1350,generated,present,absent,absent
081,,/Users/wdy/github/1999SHUIHU3D/images/081.png,900,1350,generated,present,absent,absent
082,,/Users/wdy/github/1999SHUIHU3D/images/082.png,900,1350,generated,present,absent,absent
083,,/Users/wdy/github/1999SHUIHU3D/images/083.png,900,1350,generated,present,absent,absent
084,,/Users/wdy/github/1999SHUIHU3D/images/084.png,900,1350,generated,present,absent,absent
085,,/Users/wdy/github/1999SHUIHU3D/images/085.png,900,1350,generated,absent,absent,absent
086,,/Users/wdy/github/1999SHUIHU3D/images/086.png,900,1350,generated,absent,absent,absent
087,,/Users/wdy/github/1999SHUIHU3D/images/087.png,900,1350,generated,absent,absent,absent
088,,/Users/wdy/github/1999SHUIHU3D/images/088.png,900,1350,generated,present,absent,absent
089,,/Users/wdy/github/1999SHUIHU3D/images/089.png,900,1350,generated,absent,absent,absent
090,,/Users/wdy/github/1999SHUIHU3D/images/090.png,900,1350,generated,absent,absent,absent
091,,/Users/wdy/github/1999SHUIHU3D/images/091.png,900,1350,generated,absent,absent,absent
092,,/Users/wdy/github/1999SHUIHU3D/images/092.png,900,1350,generated,absent,absent,absent
093,,/Users/wdy/github/1999SHUIHU3D/images/093.png,900,1350,generated,present,absent,absent
094,,/Users/wdy/github/1999SHUIHU3D/images/094.png,900,1350,generated,present,absent,absent
095,,/Users/wdy/github/1999SHUIHU3D/images/095.png,900,1350,generated,present,absent,absent
096,,/Users/wdy/github/1999SHUIHU3D/images/096.png,900,1350,generated,present,absent,absent
097,,/Users/wdy/github/1999SHUIHU3D/images/097.png,900,1350,generated,present,absent,absent
098,,/Users/wdy/github/1999SHUIHU3D/images/098.png,900,1350,generated,absent,absent,absent
099,,/Users/wdy/github/1999SHUIHU3D/images/099.png,900,1350,generated,present,absent,absent
100,,/Users/wdy/github/1999SHUIHU3D/images/100.png,900,1350,generated,present,absent,absent
101,,/Users/wdy/github/1999SHUIHU3D/images/101.png,900,1350,generated,absent,absent,absent
102,,/Users/wdy/github/1999SHUIHU3D/images/102.png,900,1350,generated,present,absent,absent
103,,/Users/wdy/github/1999SHUIHU3D/images/103.png,900,1350,generated,present,absent,absent
104,,/Users/wdy/github/1999SHUIHU3D/images/104.png,900,1350,generated,present,absent,absent
105,,/Users/wdy/github/1999SHUIHU3D/images/105.png,900,1350,generated,present,absent,absent
106,,/Users/wdy/github/1999SHUIHU3D/images/106.png,900,1350,generated,absent,absent,absent
107,,/Users/wdy/github/1999SHUIHU3D/images/107.png,900,1350,generated,absent,absent,absent
108,,/Users/wdy/github/1999SHUIHU3D/images/108.png,900,1350,generated,present,present,absent
